{"textures":{"0":"modelengine:entity/star_guardian"},"elements":[{"name":"cube","from":[5.8110347,1.1735258,6.0977273],"to":[8.811035,7.173526,9.847728],"rotation":{"angle":0.0,"axis":"x","origin":[16.011036,7.773526,7.5977273]},"faces":{"down":{"uv":[11.625,7.5,11.0,8.25],"rotation":0,"texture":"#0","tintindex":0},"east":{"uv":[4.0,7.125,4.75,8.375],"rotation":0,"texture":"#0","tintindex":0},"north":{"uv":[8.625,9.125,9.25,10.375],"rotation":0,"texture":"#0","tintindex":0},"south":{"uv":[3.625,9.25,4.25,10.5],"rotation":0,"texture":"#0","tintindex":0},"up":{"uv":[2.125,11.75,1.5,11.0],"rotation":0,"texture":"#0","tintindex":0},"west":{"uv":[8.0,4.75,8.75,6.0],"rotation":0,"texture":"#0","tintindex":0}}},{"name":"cube","from":[4.6110344,4.173526,5.4977274],"to":[9.261035,7.923526,10.447727],"rotation":{"angle":-22.5,"axis":"z","origin":[7.3110347,5.673526,7.9727273]},"faces":{"down":{"uv":[1.0,7.25,0.0,8.25],"rotation":0,"texture":"#0","tintindex":0},"east":{"uv":[2.5,9.625,3.5,10.375],"rotation":0,"texture":"#0","tintindex":0},"north":{"uv":[9.625,0.0,10.625,0.75],"rotation":0,"texture":"#0","tintindex":0},"south":{"uv":[4.25,9.625,5.25,10.375],"rotation":0,"texture":"#0","tintindex":0},"up":{"uv":[4.0,8.125,3.0,7.125],"rotation":0,"texture":"#0","tintindex":0},"west":{"uv":[9.625,4.75,10.625,5.5],"rotation":0,"texture":"#0","tintindex":0}}},{"name":"cube","from":[4.7610345,0.12352562,5.797727],"to":[9.261035,1.1735258,10.147728],"rotation":{"angle":0.0,"axis":"x","origin":[16.011036,7.773526,7.5977273]},"faces":{"down":{"uv":[4.625,8.375,3.625,9.25],"rotation":0,"texture":"#0","tintindex":0},"east":{"uv":[9.75,4.5,10.625,4.75],"rotation":0,"texture":"#0","tintindex":0},"north":{"uv":[12.25,10.875,13.25,11.125],"rotation":0,"texture":"#0","tintindex":0},"south":{"uv":[12.25,11.125,13.25,11.375],"rotation":0,"texture":"#0","tintindex":0},"up":{"uv":[2.875,9.125,1.875,8.25],"rotation":0,"texture":"#0","tintindex":0},"west":{"uv":[12.375,9.0,13.25,9.25],"rotation":0,"texture":"#0","tintindex":0}}},{"name":"cube","from":[5.8110347,7.473526,5.197727],"to":[11.061035,9.273526,10.897728],"rotation":{"angle":-45.0,"axis":"z","origin":[7.3110347,8.523526,8.047728]},"faces":{"down":{"uv":[7.0,6.875,5.875,8.125],"rotation":0,"texture":"#0","tintindex":0},"east":{"uv":[10.75,4.0,12.0,4.375],"rotation":0,"texture":"#0","tintindex":0},"north":{"uv":[11.25,9.0,12.375,9.375],"rotation":0,"texture":"#0","tintindex":0},"south":{"uv":[11.5,1.75,12.625,2.125],"rotation":0,"texture":"#0","tintindex":0},"up":{"uv":[5.875,8.125,4.75,6.875],"rotation":0,"texture":"#0","tintindex":0},"west":{"uv":[11.0,8.25,12.25,8.625],"rotation":0,"texture":"#0","tintindex":0}}},{"name":"cube","from":[5.211035,7.923526,4.897727],"to":[11.361035,8.823526,11.197727],"rotation":{"angle":-45.0,"axis":"z","origin":[7.3110347,8.523526,8.047728]},"faces":{"down":{"uv":[7.0,4.125,5.75,5.5],"rotation":0,"texture":"#0","tintindex":0},"east":{"uv":[11.875,3.625,13.25,3.875],"rotation":0,"texture":"#0","tintindex":0},"north":{"uv":[11.875,5.875,13.125,6.125],"rotation":0,"texture":"#0","tintindex":0},"south":{"uv":[12.125,6.875,13.375,7.125],"rotation":0,"texture":"#0","tintindex":0},"up":{"uv":[7.0,4.125,5.75,2.75],"rotation":0,"texture":"#0","tintindex":0},"west":{"uv":[11.875,4.375,13.25,4.625],"rotation":0,"texture":"#0","tintindex":0}}},{"name":"cube","from":[4.1610346,3.1235259,6.697727],"to":[7.011035,7.473526,9.247728],"rotation":{"angle":22.5,"axis":"z","origin":[4.6860347,4.473526,7.9727273]},"faces":{"down":{"uv":[10.25,6.25,9.625,6.75],"rotation":0,"texture":"#0","tintindex":0},"east":{"uv":[7.125,10.875,7.625,11.75],"rotation":0,"texture":"#0","tintindex":0},"north":{"uv":[10.75,2.25,11.375,3.125],"rotation":0,"texture":"#0","tintindex":0},"south":{"uv":[10.75,3.125,11.375,4.0],"rotation":0,"texture":"#0","tintindex":0},"up":{"uv":[8.75,4.75,8.125,4.25],"rotation":0,"texture":"#0","tintindex":0},"west":{"uv":[2.125,11.0,2.625,11.875],"rotation":0,"texture":"#0","tintindex":0}}},{"name":"cube","from":[3.1015978,6.961975,7.147727],"to":[5.201598,8.911975,8.797728],"rotation":{"angle":0.0,"axis":"x","origin":[3.7765977,8.236975,7.9727273]},"faces":{"down":{"uv":[13.25,5.125,12.75,5.5],"rotation":0,"texture":"#0","tintindex":0},"east":{"uv":[3.875,13.0,4.25,13.375],"rotation":0,"texture":"#0","tintindex":0},"north":{"uv":[4.25,9.25,4.75,9.625],"rotation":0,"texture":"#0","tintindex":0},"south":{"uv":[12.625,1.75,13.125,2.125],"rotation":0,"texture":"#0","tintindex":0},"up":{"uv":[13.125,10.875,12.625,10.5],"rotation":0,"texture":"#0","tintindex":0},"west":{"uv":[0.625,13.125,1.0,13.5],"rotation":0,"texture":"#0","tintindex":0}}},{"name":"cube","from":[3.4015977,8.461975,7.297727],"to":[4.901598,10.861975,8.647728],"rotation":{"angle":45.0,"axis":"z","origin":[4.226598,8.536975,7.9727273]},"faces":{"down":{"uv":[9.125,11.125,8.75,11.375],"rotation":0,"texture":"#0","tintindex":0},"east":{"uv":[1.25,11.25,1.5,11.75],"rotation":0,"texture":"#0","tintindex":0},"north":{"uv":[10.875,12.75,11.25,13.25],"rotation":0,"texture":"#0","tintindex":0},"south":{"uv":[12.75,12.625,13.125,13.125],"rotation":0,"texture":"#0","tintindex":0},"up":{"uv":[4.0,8.375,3.625,8.125],"rotation":0,"texture":"#0","tintindex":0},"west":{"uv":[5.375,11.375,5.625,11.875],"rotation":0,"texture":"#0","tintindex":0}}},{"name":"cube","from":[1.3015977,9.361975,7.447727],"to":[3.1015978,10.5619755,8.497727],"rotation":{"angle":0.0,"axis":"x","origin":[4.226598,8.536975,7.9727273]},"faces":{"down":{"uv":[13.625,8.875,13.25,9.125],"rotation":0,"texture":"#0","tintindex":0},"east":{"uv":[0.375,13.375,0.625,13.625],"rotation":0,"texture":"#0","tintindex":0},"north":{"uv":[6.25,13.25,6.625,13.5],"rotation":0,"texture":"#0","tintindex":0},"south":{"uv":[13.25,6.625,13.625,6.875],"rotation":0,"texture":"#0","tintindex":0},"up":{"uv":[7.875,13.5,7.5,13.25],"rotation":0,"texture":"#0","tintindex":0},"west":{"uv":[12.25,13.375,12.5,13.625],"rotation":0,"texture":"#0","tintindex":0}}},{"name":"cube","from":[4.151598,0.5119748,7.147727],"to":[6.251598,3.5119748,8.797728],"rotation":{"angle":22.5,"axis":"z","origin":[4.8265977,2.8369749,7.9727273]},"faces":{"down":{"uv":[13.375,0.0,12.875,0.375],"rotation":0,"texture":"#0","tintindex":0},"east":{"uv":[9.5,8.5,9.875,9.125],"rotation":0,"texture":"#0","tintindex":0},"north":{"uv":[12.125,10.25,12.625,10.875],"rotation":0,"texture":"#0","tintindex":0},"south":{"uv":[5.75,12.25,6.25,12.875],"rotation":0,"texture":"#0","tintindex":0},"up":{"uv":[13.25,5.875,12.75,5.5],"rotation":0,"texture":"#0","tintindex":0},"west":{"uv":[1.5,9.75,1.875,10.375],"rotation":0,"texture":"#0","tintindex":0}}},{"name":"cube","from":[3.251598,2.4619749,7.297727],"to":[5.201598,3.661975,8.647728],"rotation":{"angle":-22.5,"axis":"z","origin":[5.276598,3.1369748,7.9727273]},"faces":{"down":{"uv":[13.625,10.875,13.25,11.125],"rotation":0,"texture":"#0","tintindex":0},"east":{"uv":[12.5,13.375,12.75,13.625],"rotation":0,"texture":"#0","tintindex":0},"north":{"uv":[9.5,13.25,9.875,13.5],"rotation":0,"texture":"#0","tintindex":0},"south":{"uv":[10.375,13.25,10.75,13.5],"rotation":0,"texture":"#0","tintindex":0},"up":{"uv":[11.125,13.5,10.75,13.25],"rotation":0,"texture":"#0","tintindex":0},"west":{"uv":[12.75,13.375,13.0,13.625],"rotation":0,"texture":"#0","tintindex":0}}},{"name":"cube","from":[1.9015977,3.061975,7.447727],"to":[3.7015977,3.9619749,8.497727],"rotation":{"angle":0.0,"axis":"x","origin":[5.276598,3.1369748,7.9727273]},"faces":{"down":{"uv":[13.625,11.625,13.25,11.875],"rotation":0,"texture":"#0","tintindex":0},"east":{"uv":[13.0,13.375,13.25,13.625],"rotation":0,"texture":"#0","tintindex":0},"north":{"uv":[13.25,11.125,13.625,11.375],"rotation":0,"texture":"#0","tintindex":0},"south":{"uv":[13.25,11.375,13.625,11.625],"rotation":0,"texture":"#0","tintindex":0},"up":{"uv":[12.0,13.5,11.625,13.25],"rotation":0,"texture":"#0","tintindex":0},"west":{"uv":[13.25,13.375,13.5,13.625],"rotation":0,