{"textures":{"0":"modelengine:entity/star_guardian"},"elements":[{"name":"cube","from":[7.188965,1.1735258,6.0977273],"to":[10.188965,7.173526,9.847728],"rotation":{"angle":0.0,"axis":"x","origin":[-0.011035204,7.773526,7.5977273]},"faces":{"down":{"uv":[6.25,11.125,5.625,11.875],"rotation":0,"texture":"#0","tintindex":0},"east":{"uv":[8.0,6.0,8.75,7.25],"rotation":0,"texture":"#0","tintindex":0},"north":{"uv":[9.25,9.125,9.875,10.375],"rotation":0,"texture":"#0","tintindex":0},"south":{"uv":[5.375,9.375,6.0,10.625],"rotation":0,"texture":"#0","tintindex":0},"up":{"uv":[11.625,11.625,11.0,10.875],"rotation":0,"texture":"#0","tintindex":0},"west":{"uv":[5.375,8.125,6.125,9.375],"rotation":0,"texture":"#0","tintindex":0}}},{"name":"cube","from":[6.738965,4.173526,5.4977274],"to":[11.388966,7.923526,10.447727],"rotation":{"angle":22.5,"axis":"z","origin":[8.688965,5.673526,7.9727273]},"faces":{"down":{"uv":[3.0,7.25,2.0,8.25],"rotation":0,"texture":"#0","tintindex":0},"east":{"uv":[9.75,2.25,10.75,3.0],"rotation":0,"texture":"#0","tintindex":0},"north":{"uv":[9.625,5.5,10.625,6.25],"rotation":0,"texture":"#0","tintindex":0},"south":{"uv":[9.75,3.0,10.75,3.75],"rotation":0,"texture":"#0","tintindex":0},"up":{"uv":[2.0,8.25,1.0,7.25],"rotation":0,"texture":"#0","tintindex":0},"west":{"uv":[9.75,3.75,10.75,4.5],"rotation":0,"texture":"#0","tintindex":0}}},{"name":"cube","from":[6.738965,0.12352562,5.797727],"to":[11.238965,1.1735258,10.147728],"rotation":{"angle":0.0,"axis":"x","origin":[-0.011035204,7.773526,7.5977273]},"faces":{"down":{"uv":[9.75,2.125,8.75,3.0],"rotation":0,"texture":"#0","tintindex":0},"east":{"uv":[12.5,8.625,13.375,8.875],"rotation":0,"texture":"#0","tintindex":0},"north":{"uv":[12.25,11.875,13.25,12.125],"rotation":0,"texture":"#0","tintindex":0},"south":{"uv":[12.375,1.0,13.375,1.25],"rotation":0,"texture":"#0","tintindex":0},"up":{"uv":[9.75,2.125,8.75,1.25],"rotation":0,"texture":"#0","tintindex":0},"west":{"uv":[12.5,9.25,13.375,9.5],"rotation":0,"texture":"#0","tintindex":0}}},{"name":"cube","from":[4.938965,7.473526,5.197727],"to":[10.188965,9.273526,10.897728],"rotation":{"angle":45.0,"axis":"z","origin":[8.688965,8.523526,8.047728]},"faces":{"down":{"uv":[8.125,3.5,7.0,4.75],"rotation":0,"texture":"#0","tintindex":0},"east":{"uv":[0.0,11.25,1.25,11.625],"rotation":0,"texture":"#0","tintindex":0},"north":{"uv":[11.5,6.125,12.625,6.5],"rotation":0,"texture":"#0","tintindex":0},"south":{"uv":[11.5,6.5,12.625,6.875],"rotation":0,"texture":"#0","tintindex":0},"up":{"uv":[8.125,3.5,7.0,2.25],"rotation":0,"texture":"#0","tintindex":0},"west":{"uv":[11.25,8.625,12.5,9.0],"rotation":0,"texture":"#0","tintindex":0}}},{"name":"cube","from":[4.638965,7.923526,4.897727],"to":[10.788965,8.823526,11.197727],"rotation":{"angle":45.0,"axis":"z","origin":[8.688965,8.523526,8.047728]},"faces":{"down":{"uv":[7.5,0.0,6.25,1.375],"rotation":0,"texture":"#0","tintindex":0},"east":{"uv":[11.875,4.625,13.25,4.875],"rotation":0,"texture":"#0","tintindex":0},"north":{"uv":[12.125,7.125,13.375,7.375],"rotation":0,"texture":"#0","tintindex":0},"south":{"uv":[12.25,7.375,13.5,7.625],"rotation":0,"texture":"#0","tintindex":0},"up":{"uv":[7.0,6.875,5.75,5.5],"rotation":0,"texture":"#0","tintindex":0},"west":{"uv":[11.875,4.875,13.25,5.125],"rotation":0,"texture":"#0","tintindex":0}}},{"name":"cube","from":[8.988965,3.1235259,6.697727],"to":[11.838965,7.473526,9.247728],"rotation":{"angle":-22.5,"axis":"z","origin":[11.313966,4.473526,7.9727273]},"faces":{"down":{"uv":[12.875,8.125,12.25,8.625],"rotation":0,"texture":"#0","tintindex":0},"east":{"uv":[8.75,11.375,9.25,12.25],"rotation":0,"texture":"#0","tintindex":0},"north":{"uv":[6.5,10.875,7.125,11.75],"rotation":0,"texture":"#0","tintindex":0},"south":{"uv":[10.375,10.875,11.0,11.75],"rotation":0,"texture":"#0","tintindex":0},"up":{"uv":[12.875,8.125,12.25,7.625],"rotation":0,"texture":"#0","tintindex":0},"west":{"uv":[9.25,11.375,9.75,12.25],"rotation":0,"texture":"#0","tintindex":0}}},{"name":"cube","from":[10.798403,6.961975,7.147727],"to":[12.898402,8.911975,8.797728],"rotation":{"angle":0.0,"axis":"x","origin":[12.223402,8.236975,7.9727273]},"faces":{"down":{"uv":[13.375,2.125,12.875,2.5],"rotation":0,"texture":"#0","tintindex":0},"east":{"uv":[6.875,13.125,7.25,13.5],"rotation":0,"texture":"#0","tintindex":0},"north":{"uv":[12.875,0.375,13.375,0.75],"rotation":0,"texture":"#0","tintindex":0},"south":{"uv":[1.125,12.875,1.625,13.25],"rotation":0,"texture":"#0","tintindex":0},"up":{"uv":[2.625,13.25,2.125,12.875],"rotation":0,"texture":"#0","tintindex":0},"west":{"uv":[8.125,13.125,8.5,13.5],"rotation":0,"texture":"#0","tintindex":0}}},{"name":"cube","from":[11.098402,8.461975,7.297727],"to":[12.598402,10.861975,8.647728],"rotation":{"angle":-45.0,"axis":"z","origin":[11.773402,8.536975,7.9727273]},"faces":{"down":{"uv":[13.75,0.0,13.375,0.25],"rotation":0,"texture":"#0","tintindex":0},"east":{"uv":[1.5,13.25,1.75,13.75],"rotation":0,"texture":"#0","tintindex":0},"north":{"uv":[12.875,2.5,13.25,3.0],"rotation":0,"texture":"#0","tintindex":0},"south":{"uv":[12.875,3.0,13.25,3.5],"rotation":0,"texture":"#0","tintindex":0},"up":{"uv":[0.375,13.625,0.0,13.375],"rotation":0,"texture":"#0","tintindex":0},"west":{"uv":[13.25,2.75,13.5,3.25],"rotation":0,"texture":"#0","tintindex":0}}},{"name":"cube","from":[12.898402,9.361975,7.447727],"to":[14.698402,10.5619755,8.497727],"rotation":{"angle":0.0,"axis":"x","origin":[11.773402,8.536975,7.9727273]},"faces":{"down":{"uv":[13.75,1.25,13.375,1.5],"rotation":0,"texture":"#0","tintindex":0},"east":{"uv":[13.5,4.5,13.75,4.75],"rotation":0,"texture":"#0","tintindex":0},"north":{"uv":[13.375,0.25,13.75,0.5],"rotation":0,"texture":"#0","tintindex":0},"south":{"uv":[13.375,0.5,13.75,0.75],"rotation":0,"texture":"#0","tintindex":0},"up":{"uv":[13.75,1.25,13.375,1.0],"rotation":0,"texture":"#0","tintindex":0},"west":{"uv":[4.75,13.5,5.0,13.75],"rotation":0,"texture":"#0","tintindex":0}}},{"name":"cube","from":[9.748402,0.5119748,7.147727],"to":[11.848402,3.5119748,8.797728],"rotation":{"angle":-22.5,"axis":"z","origin":[11.173403,2.8369749,7.9727273]},"faces":{"down":{"uv":[6.25,12.875,5.75,13.25],"rotation":0,"texture":"#0","tintindex":0},"east":{"uv":[3.625,12.375,4.0,13.0],"rotation":0,"texture":"#0","tintindex":0},"north":{"uv":[8.625,12.25,9.125,12.875],"rotation":0,"texture":"#0","tintindex":0},"south":{"uv":[9.125,12.25,9.625,12.875],"rotation":0,"texture":"#0","tintindex":0},"up":{"uv":[13.375,4.25,12.875,3.875],"rotation":0,"texture":"#0","tintindex":0},"west":{"uv":[4.0,12.375,4.375,13.0],"rotation":0,"texture":"#0","tintindex":0}}},{"name":"cube","from":[10.798403,2.4619749,7.297727],"to":[12.748403,3.661975,8.647728],"rotation":{"angle":22.5,"axis":"z","origin":[10.723402,3.1369748,7.9727273]},"faces":{"down":{"uv":[13.75,3.75,13.375,4.0],"rotation":0,"texture":"#0","tintindex":0},"east":{"uv":[13.5,4.75,13.75,5.0],"rotation":0,"texture":"#0","tintindex":0},"north":{"uv":[13.375,1.5,13.75,1.75],"rotation":0,"texture":"#0","tintindex":0},"south":{"uv":[1.75,13.375,2.125,13.625],"rotation":0,"texture":"#0","tintindex":0},"up":{"uv":[13.75,2.375,13.375,2.125],"rotation":0,"texture":"#0","tintindex":0},"west":{"uv":[5.0,13.5,5.25,13.75],"rotation":0,"texture":"#0","tintindex":0}}},{"name":"cube","from":[12.298402,3.061975,7.447727],"to":[14.098402,3.9619749,8.497727],"rotation":{"angle":0.0,"axis":"x","origin":[10.723402,3.1369748,7.9727273]},"faces":{"down":{"uv":[13.75,7.125,13.375,7.375],"rotation":0,"texture":"#0","tintindex":0},"east":{"uv":[5.25,13.5,5.5,13.75],"rotation":0,"texture":"#0","tintindex":0},"north":{"uv":[3.875,13.375,4.25,13.625],"rotation":0,"texture":"#0","tintindex":0},"south":{"uv":[13.375,4.0,13.75,4.25],"rotation":0,"texture":"#0","tintindex":0},"up":{"uv":[13.75,7.125,13.375,6.875],"rotation":0,"texture":"#0","tintindex":0},"west":{"uv":[5.5,13.5,5.75,13.75],"rotation":0,"texture":"#0","tintindex":0}}}],