{"textures":{"0":"modelengine:entity/firebat"},"elements":[{"name":"cube","from":[14.036642,7.072262,7.531886],"to":[17.290167,7.950811,11.371886],"rotation":{"angle":0.0,"axis":"x","origin":[12.663404,7.511533,9.919119]},"faces":{"down":{"uv":[2.875,5.625,2.25,6.375],"rotation":0,"texture":"#0","tintindex":0},"east":{"uv":[5.625,0.375,6.5,0.5],"rotation":0,"texture":"#0","tintindex":0},"north":{"uv":[6.75,3.75,7.375,3.875],"rotation":0,"texture":"#0","tintindex":0},"south":{"uv":[6.75,3.75,7.375,3.875],"rotation":0,"texture":"#0","tintindex":0},"up":{"uv":[2.875,6.375,2.25,5.625],"rotation":0,"texture":"#0","tintindex":0},"west":{"uv":[5.625,2.25,6.5,2.375],"rotation":0,"texture":"#0","tintindex":0}}},{"name":"cube","from":[14.036642,7.072262,11.372],"to":[17.290167,7.950811,14.612],"rotation":{"angle":0.0,"axis":"x","origin":[12.663404,7.511533,9.919119]},"faces":{"down":{"uv":[2.875,5.5,2.25,6.125],"rotation":0,"texture":"#0","tintindex":0},"east":{"uv":[5.625,0.375,6.5,0.5],"rotation":0,"texture":"#0","tintindex":0},"north":{"uv":[6.75,3.75,7.375,3.875],"rotation":0,"texture":"#0","tintindex":0},"south":{"uv":[6.75,3.75,7.375,3.875],"rotation":0,"texture":"#0","tintindex":0},"up":{"uv":[2.875,6.125,2.25,5.5],"rotation":0,"texture":"#0","tintindex":0},"west":{"uv":[5.625,2.25,6.5,2.375],"rotation":0,"texture":"#0","tintindex":0}}},{"name":"cube","from":[14.036642,7.072262,14.582],"to":[17.290167,7.950811,17.821999],"rotation":{"angle":0.0,"axis":"x","origin":[12.663404,7.511533,9.919119]},"faces":{"down":{"uv":[2.25,2.0,1.625,1.375],"rotation":180,"texture":"#0","tintindex":0},"east":{"uv":[5.625,2.25,6.5,2.375],"rotation":0,"texture":"#0","tintindex":0},"north":{"uv":[7.375,3.875,6.75,3.75],"rotation":0,"texture":"#0","tintindex":0},"south":{"uv":[6.75,3.75,7.375,3.875],"rotation":0,"texture":"#0","tintindex":0},"up":{"uv":[2.25,2.0,1.625,1.375],"rotation":180,"texture":"#0","tintindex":0},"west":{"uv":[5.625,2.25,6.5,2.375],"rotation":0,"texture":"#0","tintindex":0}}},{"name":"cube","from":[19.886642,7.072262,14.162001],"to":[23.140167,7.950811,17.402],"rotation":{"angle":0.0,"axis":"x","origin":[12.663404,7.511533,9.919119]},"faces":{"down":{"uv":[2.25,2.0,1.625,1.375],"rotation":180,"texture":"#0","tintindex":0},"east":{"uv":[5.625,2.25,6.5,2.375],"rotation":0,"texture":"#0","tintindex":0},"north":{"uv":[7.375,3.875,6.75,3.75],"rotation":0,"texture":"#0","tintindex":0},"south":{"uv":[6.75,3.75,7.375,3.875],"rotation":0,"texture":"#0","tintindex":0},"up":{"uv":[2.25,2.0,1.625,1.375],"rotation":180,"texture":"#0","tintindex":0},"west":{"uv":[5.625,2.25,6.5,2.375],"rotation":0,"texture":"#0","tintindex":0}}},{"name":"cube","from":[19.886642,7.072262,10.922],"to":[23.140167,7.950811,14.162001],"rotation":{"angle":0.0,"axis":"x","origin":[12.663404,7.511533,9.919119]},"faces":{"down":{"uv":[2.875,5.5,2.25,6.125],"rotation":0,"texture":"#0","tintindex":0},"east":{"uv":[5.625,0.375,6.5,0.5],"rotation":0,"texture":"#0","tintindex":0},"north":{"uv":[6.75,3.75,7.375,3.875],"rotation":0,"texture":"#0","tintindex":0},"south":{"uv":[6.75,3.75,7.375,3.875],"rotation":0,"texture":"#0","tintindex":0},"up":{"uv":[2.875,6.125,2.25,5.5],"rotation":0,"texture":"#0","tintindex":0},"west":{"uv":[5.625,2.25,6.5,2.375],"rotation":0,"texture":"#0","tintindex":0}}},{"name":"cube","from":[19.886642,7.072262,7.0818863],"to":[23.140167,7.950811,10.921886],"rotation":{"angle":0.0,"axis":"x","origin":[12.663404,7.511533,9.919119]},"faces":{"down":{"uv":[2.875,5.625,2.25,6.375],"rotation":0,"texture":"#0","tintindex":0},"east":{"uv":[5.625,0.375,6.5,0.5],"rotation":0,"texture":"#0","tintindex":0},"north":{"uv":[6.75,3.75,7.375,3.875],"rotation":0,"texture":"#0","tintindex":0},"south":{"uv":[6.75,3.75,7.375,3.875],"rotation":0,"texture":"#0","tintindex":0},"up":{"uv":[2.875,6.375,2.25,5.625],"rotation":0,"texture":"#0","tintindex":0},"west":{"uv":[5.625,2.25,6.5,2.375],"rotation":0,"texture":"#0","tintindex":0}}},{"name":"cube","from":[19.886642,7.072262,3.8719997],"to":[23.140167,7.950811,7.1464577],"rotation":{"angle":0.0,"axis":"x","origin":[12.663404,7.511533,9.919119]},"faces":{"down":{"uv":[2.25,1.875,1.625,1.25],"rotation":0,"texture":"#0","tintindex":0},"east":{"uv":[5.625,0.375,6.5,0.5],"rotation":0,"texture":"#0","tintindex":0},"north":{"uv":[7.375,3.875,6.75,3.75],"rotation":0,"texture":"#0","tintindex":0},"south":{"uv":[6.75,3.75,7.375,3.875],"rotation":0,"texture":"#0","tintindex":0},"up":{"uv":[2.25,1.875,1.625,1.25],"rotation":180,"texture":"#0","tintindex":0},"west":{"uv":[5.625,2.25,6.5,2.375],"rotation":0,"texture":"#0","tintindex":0}}},{"name":"cube","from":[11.745362,1.3842132,8.281886],"to":[13.798886,3.4627573,15.156344],"rotation":{"angle":45.0,"axis":"z","origin":[6.575942,4.836277,10.749848]},"faces":{"down":{"uv":[4.5,6.25,4.125,7.625],"rotation":0,"texture":"#0","tintindex":0},"east":{"uv":[5.375,4.875,6.75,5.25],"rotation":0,"texture":"#0","tintindex":0},"north":{"uv":[2.25,0.875,2.625,1.25],"rotation":0,"texture":"#0","tintindex":0},"south":{"uv":[7.75,0.75,8.125,1.125],"rotation":0,"texture":"#0","tintindex":0},"up":{"uv":[4.125,7.25,3.75,5.875],"rotation":0,"texture":"#0","tintindex":0},"west":{"uv":[6.5,0.375,7.875,0.75],"rotation":0,"texture":"#0","tintindex":0}}},{"name":"cube","from":[15.739478,-2.6099024,6.481886],"to":[17.792997,-0.53135276,14.556344],"rotation":{"angle":45.0,"axis":"z","origin":[6.575942,4.836277,10.749848]},"faces":{"down":{"uv":[5.125,5.25,4.75,6.875],"rotation":0,"texture":"#0","tintindex":0},"east":{"uv":[5.125,0.0,6.75,0.375],"rotation":0,"texture":"#0","tintindex":0},"north":{"uv":[7.75,2.0,8.125,2.375],"rotation":0,"texture":"#0","tintindex":0},"south":{"uv":[3.5,7.75,3.875,8.125],"rotation":0,"texture":"#0","tintindex":0},"up":{"uv":[1.75,6.875,1.375,5.25],"rotation":0,"texture":"#0","tintindex":0},"west":{"uv":[5.25,2.875,6.875,3.25],"rotation":0,"texture":"#0","tintindex":0}}},{"name":"cube","from":[15.139478,-3.2099028,5.8818855],"to":[18.392998,0.068647146,10.956345],"rotation":{"angle":45.0,"axis":"z","origin":[6.575942,4.836277,10.749848]},"faces":{"down":{"uv":[4.125,4.875,3.5,5.875],"rotation":0,"texture":"#0","tintindex":0},"east":{"uv":[4.625,2.25,5.625,2.875],"rotation":0,"texture":"#0","tintindex":0},"north":{"uv":[6.625,5.25,7.25,5.875],"rotation":0,"texture":"#0","tintindex":0},"south":{"uv":[6.625,5.875,7.25,6.5],"rotation":0,"texture":"#0","tintindex":0},"up":{"uv":[3.5,5.875,2.875,4.875],"rotation":0,"texture":"#0","tintindex":0},"west":{"uv":[1.875,4.875,2.875,5.5],"rotation":0,"texture":"#0","tintindex":0}}},{"name":"cube","from":[15.139478,-3.2099028,5.8818855],"to":[18.392998,0.068647146,10.956345],"rotation":{"angle":45.0,"axis":"z","origin":[6.575942,4.836277,10.749848]},"faces":{"down":{"uv":[4.125,4.875,3.5,5.875],"rotation":0,"texture":"#0","tintindex":0},"east":{"uv":[4.625,2.25,5.625,2.875],"rotation":0,"texture":"#0","tintindex":0},"north":{"uv":[6.625,5.25,7.25,5.875],"rotation":0,"texture":"#0","tintindex":0},"south":{"uv":[6.625,5.875,7.25,6.5],"rotation":0,"texture":"#0","tintindex":0},"up":{"uv":[3.5,5.875,2.875,4.875],"rotation":0,"texture":"#0","tintindex":0},"west":{"uv":[1.875,4.875,2.875,5.5],"rotation":0,"texture":"#0","tintindex":0}}},{"name":"cube","from":[11.145363,0.78421307,7.681886],"to":[14.398887,4.0627575,12.156344],"rotation":{"angle":45.0,"axis":"z","origin":[6.575942,4.836277,10.749848]},"faces":{"down":{"uv":[0.625,5.625,0.0,6.5],"rotation":0,"texture":"#0","tintindex":0},"east":{"uv":[5.625,0.375,6.5,1.0],"rotation":0,"texture":"#0","tintindex":0},"north":{"uv":[6.75,3.25,7.375,3.875],"rotation":0,"texture":"#0","tintindex":0},"south":{"uv":[6.75,3.875,7.375,4.5],"rotation":0,"texture":"#0","tintindex":0},"up":{"uv":[2.875,6.375,2.25,5.5],"rotation":0,"texture":"#0","tintindex":0},"west":{"uv":[5.625,2.0,6.5,2.625],"rotation":0,"texture":"#0","tintindex":0}}},{"name":"cube","from":[19.206379,-8.476806,1.6818855],"to":[23.659904,-3.998261,8.556344],