{"textures":{"0":"modelengine:entity/firebat"},"elements":[{"name":"cube","from":[2.2011137,1.3842132,8.281886],"to":[4.2546377,3.4627573,15.156344],"rotation":{"angle":-45.0,"axis":"z","origin":[9.424059,4.836277,10.749848]},"faces":{"down":{"uv":[4.125,6.25,4.5,7.625],"rotation":0,"texture":"#0","tintindex":0},"east":{"uv":[7.875,0.375,6.5,0.75],"rotation":0,"texture":"#0","tintindex":0},"north":{"uv":[2.625,0.875,2.25,1.25],"rotation":0,"texture":"#0","tintindex":0},"south":{"uv":[8.125,0.75,7.75,1.125],"rotation":0,"texture":"#0","tintindex":0},"up":{"uv":[3.75,7.25,4.125,5.875],"rotation":0,"texture":"#0","tintindex":0},"west":{"uv":[6.75,4.875,5.375,5.25],"rotation":0,"texture":"#0","tintindex":0}}},{"name":"cube","from":[-1.7929969,-2.6099024,6.481886],"to":[0.2605219,-0.53135276,14.556344],"rotation":{"angle":-45.0,"axis":"z","origin":[9.424059,4.836277,10.749848]},"faces":{"down":{"uv":[4.75,5.25,5.125,6.875],"rotation":0,"texture":"#0","tintindex":0},"east":{"uv":[6.875,2.875,5.25,3.25],"rotation":0,"texture":"#0","tintindex":0},"north":{"uv":[8.125,2.0,7.75,2.375],"rotation":0,"texture":"#0","tintindex":0},"south":{"uv":[3.875,7.75,3.5,8.125],"rotation":0,"texture":"#0","tintindex":0},"up":{"uv":[1.375,6.875,1.75,5.25],"rotation":0,"texture":"#0","tintindex":0},"west":{"uv":[6.75,0.0,5.125,0.375],"rotation":0,"texture":"#0","tintindex":0}}},{"name":"cube","from":[-2.3929968,-3.2099028,5.8818855],"to":[0.8605218,0.068647146,10.956345],"rotation":{"angle":-45.0,"axis":"z","origin":[9.424059,4.836277,10.749848]},"faces":{"down":{"uv":[3.5,4.875,4.125,5.875],"rotation":0,"texture":"#0","tintindex":0},"east":{"uv":[2.875,4.875,1.875,5.5],"rotation":0,"texture":"#0","tintindex":0},"north":{"uv":[7.25,5.25,6.625,5.875],"rotation":0,"texture":"#0","tintindex":0},"south":{"uv":[7.25,5.875,6.625,6.5],"rotation":0,"texture":"#0","tintindex":0},"up":{"uv":[2.875,5.875,3.5,4.875],"rotation":0,"texture":"#0","tintindex":0},"west":{"uv":[5.625,2.25,4.625,2.875],"rotation":0,"texture":"#0","tintindex":0}}},{"name":"cube","from":[1.6011137,0.78421307,7.681886],"to":[4.8546376,4.0627575,12.156344],"rotation":{"angle":-45.0,"axis":"z","origin":[9.424059,4.836277,10.749848]},"faces":{"down":{"uv":[0.0,5.625,0.625,6.5],"rotation":0,"texture":"#0","tintindex":0},"east":{"uv":[6.5,2.0,5.625,2.625],"rotation":0,"texture":"#0","tintindex":0},"north":{"uv":[7.375,3.25,6.75,3.875],"rotation":0,"texture":"#0","tintindex":0},"south":{"uv":[7.375,3.875,6.75,4.5],"rotation":0,"texture":"#0","tintindex":0},"up":{"uv":[2.25,6.375,2.875,5.5],"rotation":0,"texture":"#0","tintindex":0},"west":{"uv":[6.5,0.375,5.625,1.0],"rotation":0,"texture":"#0","tintindex":0}}},{"name":"cube","from":[-7.1401663,7.072262,7.0818863],"to":[-3.886642,7.950811,10.921886],"rotation":{"angle":0.0,"axis":"x","origin":[3.336596,7.511533,9.919119]},"faces":{"down":{"uv":[2.25,5.625,2.875,6.375],"rotation":0,"texture":"#0","tintindex":0},"east":{"uv":[6.5,2.25,5.625,2.375],"rotation":0,"texture":"#0","tintindex":0},"north":{"uv":[7.375,3.75,6.75,3.875],"rotation":0,"texture":"#0","tintindex":0},"south":{"uv":[7.375,3.75,6.75,3.875],"rotation":0,"texture":"#0","tintindex":0},"up":{"uv":[2.25,6.375,2.875,5.625],"rotation":0,"texture":"#0","tintindex":0},"west":{"uv":[6.5,0.375,5.625,0.5],"rotation":0,"texture":"#0","tintindex":0}}},{"name":"cube","from":[-7.1401663,7.072262,10.922],"to":[-3.886642,7.950811,14.162001],"rotation":{"angle":0.0,"axis":"x","origin":[3.336596,7.511533,9.919119]},"faces":{"down":{"uv":[2.25,5.5,2.875,6.125],"rotation":0,"texture":"#0","tintindex":0},"east":{"uv":[6.5,2.25,5.625,2.375],"rotation":0,"texture":"#0","tintindex":0},"north":{"uv":[7.375,3.75,6.75,3.875],"rotation":0,"texture":"#0","tintindex":0},"south":{"uv":[7.375,3.75,6.75,3.875],"rotation":0,"texture":"#0","tintindex":0},"up":{"uv":[2.25,6.125,2.875,5.5],"rotation":0,"texture":"#0","tintindex":0},"west":{"uv":[6.5,0.375,5.625,0.5],"rotation":0,"texture":"#0","tintindex":0}}},{"name":"cube","from":[-7.1401663,7.072262,3.8719997],"to":[-3.886642,7.950811,7.1464577],"rotation":{"angle":0.0,"axis":"x","origin":[3.336596,7.511533,9.919119]},"faces":{"down":{"uv":[1.625,1.875,2.25,1.25],"rotation":0,"texture":"#0","tintindex":0},"east":{"uv":[6.5,2.25,5.625,2.375],"rotation":0,"texture":"#0","tintindex":0},"north":{"uv":[6.75,3.875,7.375,3.75],"rotation":0,"texture":"#0","tintindex":0},"south":{"uv":[7.375,3.75,6.75,3.875],"rotation":0,"texture":"#0","tintindex":0},"up":{"uv":[1.625,1.875,2.25,1.25],"rotation":180,"texture":"#0","tintindex":0},"west":{"uv":[6.5,0.375,5.625,0.5],"rotation":0,"texture":"#0","tintindex":0}}},{"name":"cube","from":[-1.2901664,7.072262,7.531886],"to":[1.9633574,7.950811,11.371886],"rotation":{"angle":0.0,"axis":"x","origin":[3.336596,7.511533,9.919119]},"faces":{"down":{"uv":[2.25,5.625,2.875,6.375],"rotation":0,"texture":"#0","tintindex":0},"east":{"uv":[6.5,2.25,5.625,2.375],"rotation":0,"texture":"#0","tintindex":0},"north":{"uv":[7.375,3.75,6.75,3.875],"rotation":0,"texture":"#0","tintindex":0},"south":{"uv":[7.375,3.75,6.75,3.875],"rotation":0,"texture":"#0","tintindex":0},"up":{"uv":[2.25,6.375,2.875,5.625],"rotation":0,"texture":"#0","tintindex":0},"west":{"uv":[6.5,0.375,5.625,0.5],"rotation":0,"texture":"#0","tintindex":0}}},{"name":"cube","from":[-1.2901664,7.072262,11.372],"to":[1.9633574,7.950811,14.612],"rotation":{"angle":0.0,"axis":"x","origin":[3.336596,7.511533,9.919119]},"faces":{"down":{"uv":[2.25,5.5,2.875,6.125],"rotation":0,"texture":"#0","tintindex":0},"east":{"uv":[6.5,2.25,5.625,2.375],"rotation":0,"texture":"#0","tintindex":0},"north":{"uv":[7.375,3.75,6.75,3.875],"rotation":0,"texture":"#0","tintindex":0},"south":{"uv":[7.375,3.75,6.75,3.875],"rotation":0,"texture":"#0","tintindex":0},"up":{"uv":[2.25,6.125,2.875,5.5],"rotation":0,"texture":"#0","tintindex":0},"west":{"uv":[6.5,0.375,5.625,0.5],"rotation":0,"texture":"#0","tintindex":0}}},{"name":"cube","from":[-1.2901664,7.072262,14.582],"to":[1.9633574,7.950811,17.821999],"rotation":{"angle":0.0,"axis":"x","origin":[3.336596,7.511533,9.919119]},"faces":{"down":{"uv":[1.625,2.0,2.25,1.375],"rotation":180,"texture":"#0","tintindex":0},"east":{"uv":[6.5,2.25,5.625,2.375],"rotation":0,"texture":"#0","tintindex":0},"north":{"uv":[6.75,3.875,7.375,3.75],"rotation":0,"texture":"#0","tintindex":0},"south":{"uv":[7.375,3.75,6.75,3.875],"rotation":0,"texture":"#0","tintindex":0},"up":{"uv":[1.625,2.0,2.25,1.375],"rotation":180,"texture":"#0","tintindex":0},"west":{"uv":[6.5,2.25,5.625,2.375],"rotation":0,"texture":"#0","tintindex":0}}},{"name":"cube","from":[-7.1401663,7.072262,14.162001],"to":[-3.886642,7.950811,17.402],"rotation":{"angle":0.0,"axis":"x","origin":[3.336596,7.511533,9.919119]},"faces":{"down":{"uv":[1.625,2.0,2.25,1.375],"rotation":180,"texture":"#0","tintindex":0},"east":{"uv":[6.5,2.25,5.625,2.375],"rotation":0,"texture":"#0","tintindex":0},"north":{"uv":[6.75,3.875,7.375,3.75],"rotation":0,"texture":"#0","tintindex":0},"south":{"uv":[7.375,3.75,6.75,3.875],"rotation":0,"texture":"#0","tintindex":0},"up":{"uv":[1.625,2.0,2.25,1.375],"rotation":180,"texture":"#0","tintindex":0},"west":{"uv":[6.5,2.25,5.625,2.375],"rotation":0,"texture":"#0","tintindex":0}}},{"name":"cube","from":[-7.6599045,-8.476806,1.6818855],"to":[-3.2063804,-3.998261,8.556344],"rotation":{"angle":-45.0,"axis":"z","origin":[9.424059,4.836277,10.749848]},"faces":{"down":{"uv":[1.25,3.0,2.125,4.375],"rotation":0,"texture":"#0","tintindex":0},"east":{"uv":[4.125,0.875,2.75,1.75],"rotation":0,"texture":"#0","tintindex":0},"north":{"uv":[1.875,4.375,1.0,5.25],"rotation":0,"texture":"#0","tintindex":0},"south":{"uv":[5.25,2.875,4.375,3.75],"rotation":0,"texture":"#0","tintindex":0},"up":{"uv":[2.75,3.125,3.625,1.75],"rotation":0,"texture":"#0","tintindex":0},"west":{"uv":[3.625,0.0,2.25,0.875],"rotation":0,"texture":"#0","tintindex":0}}},{"name":"cube","from":[-7.059905,-7.8768053,2.2818856],"to":[-3.8063803,-4.598261,13.356344],