{"textures":{"0":"modelengine:entity/firebat"},"elements":[{"name":"cube","from":[5.698754,5.566742,1.5635839],"to":[10.926356,9.092168,6.505634],"rotation":{"angle":0.0,"axis":"x","origin":[8.6875515,6.7294517,4.0346117]},"faces":{"down":{"uv":[4.375,3.125,3.25,4.125],"rotation":0,"texture":"#0","tintindex":0},"east":{"uv":[4.375,3.75,5.375,4.5],"rotation":0,"texture":"#0","tintindex":0},"north":{"uv":[2.125,4.125,3.25,4.875],"rotation":0,"texture":"#0","tintindex":0},"south":{"uv":[3.25,4.125,4.375,4.875],"rotation":0,"texture":"#0","tintindex":0},"up":{"uv":[3.25,4.125,2.125,3.125],"rotation":0,"texture":"#0","tintindex":0},"west":{"uv":[4.375,4.5,5.375,5.25],"rotation":0,"texture":"#0","tintindex":0}}},{"name":"cube","from":[6.898754,4.9667416,2.1635838],"to":[9.7263565,9.692168,5.905634],"rotation":{"angle":0.0,"axis":"x","origin":[8.6875515,6.7294517,4.0346117]},"faces":{"down":{"uv":[3.375,6.5,2.75,7.25],"rotation":0,"texture":"#0","tintindex":0},"east":{"uv":[0.0,4.625,0.75,5.625],"rotation":0,"texture":"#0","tintindex":0},"north":{"uv":[0.75,5.25,1.375,6.25],"rotation":0,"texture":"#0","tintindex":0},"south":{"uv":[4.125,5.25,4.75,6.25],"rotation":0,"texture":"#0","tintindex":0},"up":{"uv":[0.625,7.25,0.0,6.5],"rotation":0,"texture":"#0","tintindex":0},"west":{"uv":[4.625,1.25,5.375,2.25],"rotation":0,"texture":"#0","tintindex":0}}},{"name":"cube","from":[6.898754,6.4667416,4.563584],"to":[9.7263565,8.792168,8.305634],"rotation":{"angle":22.5,"axis":"x","origin":[8.6875515,6.7294517,4.0346117]},"faces":{"down":{"uv":[6.875,6.5,6.25,7.25],"rotation":0,"texture":"#0","tintindex":0},"east":{"uv":[0.0,7.25,0.75,7.75],"rotation":0,"texture":"#0","tintindex":0},"north":{"uv":[5.75,7.25,6.375,7.75],"rotation":0,"texture":"#0","tintindex":0},"south":{"uv":[1.875,7.375,2.5,7.875],"rotation":0,"texture":"#0","tintindex":0},"up":{"uv":[6.25,7.25,5.625,6.5],"rotation":0,"texture":"#0","tintindex":0},"west":{"uv":[2.75,7.25,3.5,7.75],"rotation":0,"texture":"#0","tintindex":0}}},{"name":"cube","from":[6.2987537,4.2169337,7.474112],"to":[10.326357,7.142366,10.616168],"rotation":{"angle":-22.5,"axis":"x","origin":[8.6875515,5.3796496,9.64514]},"faces":{"down":{"uv":[6.75,4.25,5.875,4.875],"rotation":0,"texture":"#0","tintindex":0},"east":{"uv":[4.5,6.875,5.125,7.5],"rotation":0,"texture":"#0","tintindex":0},"north":{"uv":[5.125,5.625,6.0,6.25],"rotation":0,"texture":"#0","tintindex":0},"south":{"uv":[2.875,5.875,3.75,6.5],"rotation":0,"texture":"#0","tintindex":0},"up":{"uv":[6.75,4.25,5.875,3.625],"rotation":0,"texture":"#0","tintindex":0},"west":{"uv":[6.875,6.5,7.5,7.125],"rotation":0,"texture":"#0","tintindex":0}}},{"name":"cube","from":[9.837038,3.311864,14.798654],"to":[12.379088,6.28946,16.224081],"rotation":{"angle":-45.0,"axis":"x","origin":[11.10806,4.500662,16.111364]},"faces":{"down":{"uv":[3.625,0.625,4.125,0.875],"rotation":180,"texture":"#0","tintindex":0},"east":{"uv":[5.625,1.0,6.25,1.25],"rotation":90,"texture":"#0","tintindex":0},"north":{"uv":[8.0,3.75,7.375,3.25],"rotation":90,"texture":"#0","tintindex":0},"south":{"uv":[8.0,3.75,7.375,4.25],"rotation":90,"texture":"#0","tintindex":0},"up":{"uv":[5.125,0.375,5.625,0.625],"rotation":0,"texture":"#0","tintindex":0},"west":{"uv":[3.625,2.875,4.25,3.125],"rotation":270,"texture":"#0","tintindex":0}}},{"name":"cube","from":[10.437038,2.9987538,13.183544],"to":[11.779088,4.176356,15.20897],"rotation":{"angle":-22.5,"axis":"x","origin":[11.10806,4.637552,11.34626]},"faces":{"down":{"uv":[4.125,4.875,4.375,5.25],"rotation":180,"texture":"#0","tintindex":0},"east":{"uv":[3.875,7.75,4.125,8.125],"rotation":90,"texture":"#0","tintindex":0},"north":{"uv":[1.25,4.375,1.0,4.125],"rotation":90,"texture":"#0","tintindex":0},"south":{"uv":[5.625,2.0,5.375,2.25],"rotation":90,"texture":"#0","tintindex":0},"up":{"uv":[7.875,5.125,8.125,5.5],"rotation":0,"texture":"#0","tintindex":0},"west":{"uv":[1.875,4.375,2.125,4.75],"rotation":270,"texture":"#0","tintindex":0}}},{"name":"cube","from":[10.437038,3.8987536,9.883545],"to":[11.779088,5.226356,12.86897],"rotation":{"angle":22.5,"axis":"x","origin":[11.10806,4.637552,11.34626]},"faces":{"down":{"uv":[0.75,4.625,1.0,5.25],"rotation":180,"texture":"#0","tintindex":0},"east":{"uv":[4.5,6.25,4.75,6.875],"rotation":90,"texture":"#0","tintindex":0},"north":{"uv":[6.5,1.25,6.25,1.0],"rotation":90,"texture":"#0","tintindex":0},"south":{"uv":[8.125,4.5,7.875,4.75],"rotation":90,"texture":"#0","tintindex":0},"up":{"uv":[2.5,7.375,2.75,8.0],"rotation":0,"texture":"#0","tintindex":0},"west":{"uv":[1.0,3.5,1.25,4.125],"rotation":270,"texture":"#0","tintindex":0}}},{"name":"cube","from":[10.137037,2.8487537,11.683544],"to":[12.079088,4.626356,13.40897],"rotation":{"angle":-22.5,"axis":"x","origin":[11.10806,4.637552,11.34626]},"faces":{"down":{"uv":[5.375,7.75,5.75,8.125],"rotation":180,"texture":"#0","tintindex":0},"east":{"uv":[5.75,7.75,6.125,8.125],"rotation":90,"texture":"#0","tintindex":0},"north":{"uv":[6.875,8.125,6.5,7.75],"rotation":90,"texture":"#0","tintindex":0},"south":{"uv":[8.25,0.25,7.875,0.625],"rotation":90,"texture":"#0","tintindex":0},"up":{"uv":[6.125,7.75,6.5,8.125],"rotation":0,"texture":"#0","tintindex":0},"west":{"uv":[5.0,7.75,5.375,8.125],"rotation":270,"texture":"#0","tintindex":0}}},{"name":"cube","from":[7.008782,4.9285994,7.587038],"to":[9.536378,7.1040316,9.529088],"rotation":{"angle":0.0,"axis":"x","origin":[9.24758,5.791316,9.15806]},"faces":{"down":{"uv":[8.25,0.25,7.875,0.625],"rotation":0,"texture":"#0","tintindex":0},"east":{"uv":[5.375,7.75,5.75,8.125],"rotation":0,"texture":"#0","tintindex":0},"north":{"uv":[5.0,7.75,5.375,8.125],"rotation":0,"texture":"#0","tintindex":0},"south":{"uv":[5.75,7.75,6.125,8.125],"rotation":0,"texture":"#0","tintindex":0},"up":{"uv":[6.875,8.125,6.5,7.75],"rotation":0,"texture":"#0","tintindex":0},"west":{"uv":[6.125,7.75,6.5,8.125],"rotation":0,"texture":"#0","tintindex":0}}},{"name":"cube","from":[9.837038,3.2987537,8.083544],"to":[12.379088,5.6763563,10.46897],"rotation":{"angle":22.5,"axis":"x","origin":[11.10806,4.637552,11.34626]},"faces":{"down":{"uv":[5.25,4.375,4.625,3.75],"rotation":0,"texture":"#0","tintindex":0},"east":{"uv":[5.25,4.375,4.625,3.75],"rotation":0,"texture":"#0","tintindex":0},"north":{"uv":[5.25,4.375,4.625,3.75],"rotation":0,"texture":"#0","tintindex":0},"south":{"uv":[5.25,4.375,4.625,3.75],"rotation":0,"texture":"#0","tintindex":0},"up":{"uv":[5.25,4.375,4.625,3.75],"rotation":0,"texture":"#0","tintindex":0},"west":{"uv":[5.25,4.375,4.625,3.75],"rotation":0,"texture":"#0","tintindex":0}}},{"name":"cube","from":[4.220912,3.2987537,8.083544],"to":[6.7629623,5.6763563,10.40897],"rotation":{"angle":22.5,"axis":"x","origin":[5.49194,4.637552,11.34626]},"faces":{"down":{"uv":[5.25,4.375,4.625,3.75],"rotation":0,"texture":"#0","tintindex":0},"east":{"uv":[5.25,4.375,4.625,3.75],"rotation":0,"texture":"#0","tintindex":0},"north":{"uv":[5.25,4.375,4.625,3.75],"rotation":0,"texture":"#0","tintindex":0},"south":{"uv":[5.25,4.375,4.625,3.75],"rotation":0,"texture":"#0","tintindex":0},"up":{"uv":[5.25,4.375,4.625,3.75],"rotation":0,"texture":"#0","tintindex":0},"west":{"uv":[5.25,4.375,4.625,3.75],"rotation":0,"texture":"#0","tintindex":0}}},{"name":"cube","from":[4.820912,3.8987536,9.883545],"to":[6.162962,5.226356,12.80897],"rotation":{"angle":22.5,"axis":"x","origin":[5.49194,4.637552,11.34626]},"faces":{"down":{"uv":[1.0,4.625,0.75,5.25],"rotation":180,"texture":"#0","tintindex":0},"east":{"uv":[1.25,3.5,1.0,4.125],"rotation":90,"texture":"#0","tintindex":0},"north":{"uv":[6.25,1.25,6.5,1.0],"rotation":270,"texture":"#0","tintindex":0},"south":{"uv":[7.875,4.5,8.125,4.75],"rotation":270,"texture":"#0","tintindex":0},"up":{"uv":[2.75,7.375,2.5,8.0],"rotation":0,"texture":"#0","tintindex":0},"west":{"uv":[4.75,6.25,4.5,6.875],"rotation":270,"texture":"#0","tintindex":0}}},{"name":"cube","from":[4.5209117,2.8487537,11.683544],"to":[6.462962,4.626356,13.40897],