{"textures":{"0":"modelengine:entity/paladin_wings"},"elements":[{"name":"cube","from":[1.948205,-3.5948796,6.8043814],"to":[9.304205,19.59488,6.8043814],"rotation":{"angle":22.5,"axis":"y","origin":[11.726647,8.627572,10.305932]},"faces":{"down":{"uv":[7.2575,5.2575,10.3675,5.2575],"rotation":0,"texture":"#0","tintindex":0},"east":{"uv":[5.2575,7.2575,5.2575,10.2425],"rotation":0,"texture":"#0","tintindex":0},"north":{"uv":[3.1175,0.0075,2.2575,2.9925],"rotation":0,"texture":"#0","tintindex":0},"south":{"uv":[2.2575,0.0075,3.1175,2.9925],"rotation":0,"texture":"#0","tintindex":0},"up":{"uv":[7.2575,0.3825,10.3675,0.3825],"rotation":0,"texture":"#0","tintindex":0},"west":{"uv":[5.1325,7.2575,5.1325,10.2425],"rotation":0,"texture":"#0","tintindex":0}}}],"display":{"head":{"translation":[0.0,-6.4,0.0],"rotation":[0.0,0.0,0.0],"scale":[3.8095,3.8095,3.8095]}}}