{"textures":{"0":"modelengine:entity/paladin_wings"},"elements":[{"name":"cube","from":[2.1682258,6.9318047,7.03376],"to":[4.1007056,10.796764,8.96624],"rotation":{"angle":0.0,"axis":"x","origin":[8.0,11.238436,10.314068]},"faces":{"down":{"uv":[7.4925,2.7575,7.2575,2.9925],"rotation":0,"texture":"#0","tintindex":0},"east":{"uv":[4.5075,6.6325,4.7425,7.1175],"rotation":0,"texture":"#0","tintindex":0},"north":{"uv":[4.1325,6.6325,4.3675,7.1175],"rotation":0,"texture":"#0","tintindex":0},"south":{"uv":[4.8825,6.6325,5.1175,7.1175],"rotation":0,"texture":"#0","tintindex":0},"up":{"uv":[7.4925,0.2425,7.2575,0.0075],"rotation":0,"texture":"#0","tintindex":0},"west":{"uv":[5.2575,6.6325,5.4925,7.1175],"rotation":0,"texture":"#0","tintindex":0}}},{"name":"cube","from":[5.5844,12.280459,7.03376],"to":[10.4156,14.212939,8.96624],"rotation":{"angle":0.0,"axis":"x","origin":[8.0,11.238436,10.314068]},"faces":{"down":{"uv":[5.8675,6.2575,5.2575,6.4925],"rotation":0,"texture":"#0","tintindex":0},"east":{"uv":[6.8825,3.7575,7.1175,3.9925],"rotation":0,"texture":"#0","tintindex":0},"north":{"uv":[3.0075,6.2575,3.6175,6.4925],"rotation":0,"texture":"#0","tintindex":0},"south":{"uv":[3.7575,6.2575,4.3675,6.4925],"rotation":0,"texture":"#0","tintindex":0},"up":{"uv":[5.1175,6.4925,4.5075,6.2575],"rotation":0,"texture":"#0","tintindex":0},"west":{"uv":[6.8825,4.1325,7.1175,4.3675],"rotation":0,"texture":"#0","tintindex":0}}},{"name":"cube","from":[4.188621,6.8024397,7.045838],"to":[6.1211014,11.63364,8.954163],"rotation":{"angle":-45.0,"axis":"z","origin":[8.0,11.238436,10.314068]},"faces":{"down":{"uv":[6.9925,6.8825,6.7575,7.1175],"rotation":0,"texture":"#0","tintindex":0},"east":{"uv":[6.3825,6.2575,6.6175,6.8675],"rotation":0,"texture":"#0","tintindex":0},"north":{"uv":[6.0075,6.2575,6.2425,6.8675],"rotation":0,"texture":"#0","tintindex":0},"south":{"uv":[6.5075,0.0075,6.7425,0.6175],"rotation":0,"texture":"#0","tintindex":0},"up":{"uv":[7.1175,5.7425,6.8825,5.5075],"rotation":0,"texture":"#0","tintindex":0},"west":{"uv":[6.5075,0.7575,6.7425,1.3675],"rotation":0,"texture":"#0","tintindex":0}}},{"name":"cube","from":[11.899294,6.9318047,7.03376],"to":[13.831775,10.796764,8.96624],"rotation":{"angle":0.0,"axis":"x","origin":[8.0,11.238436,10.314068]},"faces":{"down":{"uv":[7.2425,4.8825,7.0075,5.1175],"rotation":0,"texture":"#0","tintindex":0},"east":{"uv":[3.0075,6.6325,3.2425,7.1175],"rotation":0,"texture":"#0","tintindex":0},"north":{"uv":[6.5075,5.5075,6.7425,5.9925],"rotation":0,"texture":"#0","tintindex":0},"south":{"uv":[3.3825,6.6325,3.6175,7.1175],"rotation":0,"texture":"#0","tintindex":0},"up":{"uv":[7.2425,4.7425,7.0075,4.5075],"rotation":0,"texture":"#0","tintindex":0},"west":{"uv":[3.7575,6.6325,3.9925,7.1175],"rotation":0,"texture":"#0","tintindex":0}}},{"name":"cube","from":[9.878899,6.8024397,7.045838],"to":[11.8113785,11.63364,8.954163],"rotation":{"angle":45.0,"axis":"z","origin":[8.0,11.238436,10.314068]},"faces":{"down":{"uv":[6.6175,7.0075,6.3825,7.2425],"rotation":0,"texture":"#0","tintindex":0},"east":{"uv":[6.5075,2.2575,6.7425,2.8675],"rotation":0,"texture":"#0","tintindex":0},"north":{"uv":[6.5075,1.5075,6.7425,2.1175],"rotation":0,"texture":"#0","tintindex":0},"south":{"uv":[6.5075,3.0075,6.7425,3.6175],"rotation":0,"texture":"#0","tintindex":0},"up":{"uv":[6.2425,7.2425,6.0075,7.0075],"rotation":0,"texture":"#0","tintindex":0},"west":{"uv":[6.5075,3.7575,6.7425,4.3675],"rotation":0,"texture":"#0","tintindex":0}}},{"name":"cube","from":[12.382415,7.8980446,6.55064],"to":[14.314895,9.830524,9.44936],"rotation":{"angle":0.0,"axis":"x","origin":[8.0,11.238436,10.314068]},"faces":{"down":{"uv":[7.1175,0.0075,6.8825,0.3675],"rotation":0,"texture":"#0","tintindex":0},"east":{"uv":[6.7575,6.1325,7.1175,6.3675],"rotation":0,"texture":"#0","tintindex":0},"north":{"uv":[5.6325,7.1325,5.8675,7.3675],"rotation":0,"texture":"#0","tintindex":0},"south":{"uv":[7.1325,6.8825,7.3675,7.1175],"rotation":0,"texture":"#0","tintindex":0},"up":{"uv":[5.8675,6.9925,5.6325,6.6325],"rotation":0,"texture":"#0","tintindex":0},"west":{"uv":[6.7575,6.5075,7.1175,6.7425],"rotation":0,"texture":"#0","tintindex":0}}},{"name":"cube","from":[6.55064,12.832248,6.55064],"to":[9.44936,14.764728,9.44936],"rotation":{"angle":0.0,"axis":"x","origin":[8.0,11.238436,10.314068]},"faces":{"down":{"uv":[6.8675,5.0075,6.5075,5.3675],"rotation":0,"texture":"#0","tintindex":0},"east":{"uv":[6.8825,0.8825,7.2425,1.1175],"rotation":0,"texture":"#0","tintindex":0},"north":{"uv":[6.8825,0.5075,7.2425,0.7425],"rotation":0,"texture":"#0","tintindex":0},"south":{"uv":[6.8825,1.2575,7.2425,1.4925],"rotation":0,"texture":"#0","tintindex":0},"up":{"uv":[6.8675,4.8675,6.5075,4.5075],"rotation":0,"texture":"#0","tintindex":0},"west":{"uv":[6.8825,1.6325,7.2425,1.8675],"rotation":0,"texture":"#0","tintindex":0}}},{"name":"cube","from":[3.222381,7.76868,7.51688],"to":[4.188621,10.6674,8.48312],"rotation":{"angle":-45.0,"axis":"z","origin":[8.0,11.238436,10.314068]},"faces":{"down":{"uv":[7.1175,5.2575,7.0075,5.3675],"rotation":0,"texture":"#0","tintindex":0},"east":{"uv":[7.2575,3.5075,7.3675,3.8675],"rotation":0,"texture":"#0","tintindex":0},"north":{"uv":[3.3825,7.2575,3.4925,7.6175],"rotation":0,"texture":"#0","tintindex":0},"south":{"uv":[3.6325,7.2575,3.7425,7.6175],"rotation":0,"texture":"#0","tintindex":0},"up":{"uv":[6.9925,5.9925,6.8825,5.8825],"rotation":0,"texture":"#0","tintindex":0},"west":{"uv":[3.8825,7.2575,3.9925,7.6175],"rotation":0,"texture":"#0","tintindex":0}}},{"name":"cube","from":[11.8113785,7.76868,7.51688],"to":[12.777619,10.6674,8.48312],"rotation":{"angle":45.0,"axis":"z","origin":[8.0,11.238436,10.314068]},"faces":{"down":{"uv":[4.9925,7.2575,4.8825,7.3675],"rotation":0,"texture":"#0","tintindex":0},"east":{"uv":[4.1325,7.2575,4.2425,7.6175],"rotation":0,"texture":"#0","tintindex":0},"north":{"uv":[7.2575,4.0075,7.3675,4.3675],"rotation":0,"texture":"#0","tintindex":0},"south":{"uv":[4.3825,7.2575,4.4925,7.6175],"rotation":0,"texture":"#0","tintindex":0},"up":{"uv":[7.2425,5.9925,7.1325,5.8825],"rotation":0,"texture":"#0","tintindex":0},"west":{"uv":[4.6325,7.2575,4.7425,7.6175],"rotation":0,"texture":"#0","tintindex":0}}},{"name":"cube","from":[2.9272397,2.880943,8.0],"to":[13.072761,15.442063,8.0],"rotation":{"angle":0.0,"axis":"x","origin":[8.0,11.238436,10.314068]},"faces":{"down":{"uv":[8.6175,5.7575,7.2575,5.7575],"rotation":0,"texture":"#0","tintindex":0},"east":{"uv":[6.7575,7.2575,6.7575,8.8675],"rotation":0,"texture":"#0","tintindex":0},"north":{"uv":[0.0075,6.2575,1.3125,7.8675],"rotation":0,"texture":"#0","tintindex":0},"south":{"uv":[1.3125,6.2575,0.0075,7.8675],"rotation":0,"texture":"#0","tintindex":0},"up":{"uv":[8.6175,5.6325,7.2575,5.6325],"rotation":0,"texture":"#0","tintindex":0},"west":{"uv":[6.8825,7.2575,6.8825,8.8675],"rotation":0,"texture":"#0","tintindex":0}}},{"name":"cube","from":[1.6851052,7.8980446,6.55064],"to":[3.6175857,9.830524,9.44936],"rotation":{"angle":0.0,"axis":"x","origin":[8.0,11.238436,10.314068]},"faces":{"down":{"uv":[6.8825,0.0075,7.1175,0.3675],"rotation":0,"texture":"#0","tintindex":0},"east":{"uv":[7.1175,6.5075,6.7575,6.7425],"rotation":0,"texture":"#0","tintindex":0},"north":{"uv":[5.8675,7.1325,5.6325,7.3675],"rotation":0,"texture":"#0","tintindex":0},"south":{"uv":[7.3675,6.8825,7.1325,7.1175],"rotation":0,"texture":"#0","tintindex":0},"up":{"uv":[5.6325,6.9925,5.8675,6.6325],"rotation":0,"texture":"#0","tintindex":0},"west":{"uv":[7.1175,6.1325,6.7575,6.3675],"rotation":0,"texture":"#0","tintindex":0}}}],"display":{"head":{"translation":[0.0,-6.4,0.0],"rotation":[0.0,0.0,0.0],"scale":[3.8095,3.8095,3.8095]}}}