{"textures":{"0":"modelengine:entity/paladin_wings"},"elements":[{"name":"cube","from":[7.3678217,-3.5948796,4.006539],"to":[24.323822,19.59488,4.006539],"rotation":{"angle":-22.5,"axis":"y","origin":[-2.3596215,8.627572,7.5080895]},"faces":{"down":{"uv":[10.3675,5.2575,7.2575,5.2575],"rotation":0,"texture":"#0","tintindex":0},"east":{"uv":[5.1325,7.2575,5.1325,10.2425],"rotation":0,"texture":"#0","tintindex":0},"north":{"uv":[0.0,0.0075,2.2425,2.9925],"rotation":0,"texture":"#0","tintindex":0},"south":{"uv":[2.2425,0.0075,0.0,2.9925],"rotation":0,"texture":"#0","tintindex":0},"up":{"uv":[10.3675,0.3825,7.2575,0.3825],"rotation":0,"texture":"#0","tintindex":0},"west":{"uv":[5.2575,7.2575,5.2575,10.2425],"rotation":0,"texture":"#0","tintindex":0}}}],"display":{"head":{"translation":[0.0,-6.4,0.0],"rotation":[0.0,0.0,0.0],"scale":[3.8095,3.8095,3.8095]}}}